<?xml version="1.0" encoding="UTF-8"?><ValueSet xmlns="http://hl7.org/fhir"><id value="tnm-distant-metastases-staging-type-vs"/><text><status value="generated"/><div xmlns="http://www.w3.org/1999/xhtml"><ul><li>Include these codes as defined in <a href="http://loinc.org"><code>http://loinc.org</code></a><table class="none"><tr><td style="white-space:nowrap"><b>Code</b></td><td><b>Display</b></td></tr><tr><td><a href="https://loinc.org/21907-1/">21907-1</a></td><td>Distant metastases.clinical [Class] Cancer</td></tr><tr><td><a href="https://loinc.org/21901-4/">21901-4</a></td><td>Distant metastases.pathology [Class] Cancer</td></tr><tr><td><a href="https://loinc.org/21913-9/">21913-9</a></td><td>Distant metastases.other [Class] Cancer</td></tr></table></li></ul></div></text><url value="http://krebsregister-rlp.de/fhir/tumorboard/ValueSet/tnm-distant-metastases-staging-type-vs"/><version value="0.1.0"/><name value="TNMDistantMetastasesStagingTypeVS"/><title value="TNM Distant Metastases Staging Type Value Set"/><status value="draft"/><experimental value="false"/><date value="2024-02-29T07:43:11+00:00"/><publisher value="IDG Institut für digitale Gesundheitsdaten RLP gGmbH"/><contact><name value="IDG Institut für digitale Gesundheitsdaten RLP gGmbH"/><telecom><system value="url"/><value value="https://www.krebsregister-rlp.de/"/></telecom><telecom><system value="email"/><value value="info@krebsregister-rlp.de"/></telecom></contact><description value="Identifying codes for the type of cancer staging performed, i.e., clinical, pathological, or other, for distant metastases (M) staging observation."/><copyright value="This material contains content from LOINC (http://loinc.org). LOINC is copyright © 1995-2020, Regenstrief Institute, Inc. and the Logical Observation Identifiers Names and Codes (LOINC) Committee and is available at no cost under the license at http://loinc.org/license. LOINC® is a registered United States trademark of Regenstrief Institute, Inc"/><compose><include><system value="http://loinc.org"/><concept><code value="21907-1"/><display value="Distant metastases.clinical [Class] Cancer"/></concept><concept><code value="21901-4"/><display value="Distant metastases.pathology [Class] Cancer"/></concept><concept><code value="21913-9"/><display value="Distant metastases.other [Class] Cancer"/></concept></include></compose></ValueSet>