<?xml version="1.0" encoding="UTF-8"?><ValueSet xmlns="http://hl7.org/fhir"><id value="cancer-staging-method-vs"/><text><status value="generated"/><div xmlns="http://www.w3.org/1999/xhtml"><p>This value set includes codes based on the following rules:</p><ul><li>Include codes from <a href="http://www.snomed.org/"><code>http://snomed.info/sct</code></a> where concept  descends from  254292007 (Tumor staging)</li><li>Include these codes as defined in <a href="http://www.snomed.org/"><code>http://snomed.info/sct</code></a><table class="none"><tr><td style="white-space:nowrap"><b>Code</b></td><td><b>Display</b></td></tr><tr><td><a href="http://snomed.info/id/1149162008">1149162008</a></td><td>International Staging System for multiple myeloma (staging scale)</td></tr><tr><td><a href="http://snomed.info/id/1149163003">1149163003</a></td><td>Revised International Staging System for multiple myeloma (staging scale)</td></tr><tr><td><a href="http://snomed.info/id/246165003">246165003</a></td><td>Extent of disease (attribute)</td></tr><tr><td><a href="http://snomed.info/id/418414003">418414003</a></td><td>The revised European-American Lymphoma classification (qualifier value)</td></tr><tr><td><a href="http://snomed.info/id/418823005">418823005</a></td><td>The World Health Organization classification of lymphoid malignancies (qualifier value)</td></tr></table></li></ul><p>This value set excludes codes based on the following rules:</p><ul><li>Exclude codes from <a href="http://www.snomed.org/"><code>http://snomed.info/sct</code></a> where concept  descends from  258318002 (Generic anatomical site tumor invasion status)</li><li>Exclude codes from <a href="http://www.snomed.org/"><code>http://snomed.info/sct</code></a> where concept  descends from  258309004 (Generic lymph node tumor invasion status stage (tumor staging))</li><li>Exclude codes from <a href="http://www.snomed.org/"><code>http://snomed.info/sct</code></a> where concept  descends from  258233007 (Generic tumor staging descriptor (tumor staging))</li><li>Exclude codes from <a href="http://www.snomed.org/"><code>http://snomed.info/sct</code></a> where concept  descends from  258271004 (Specific tumor staging descriptor (tumor staging))</li><li>Exclude these codes as defined in <a href="http://www.snomed.org/"><code>http://snomed.info/sct</code></a><table class="none"><tr><td style="white-space:nowrap"><b>Code</b></td><td><b>Display</b></td></tr><tr><td><a href="http://snomed.info/id/42114005">42114005</a></td><td>Walter Reed stage 1 (tumor staging)</td></tr><tr><td><a href="http://snomed.info/id/15972002">15972002</a></td><td>Walter Reed stage 2 (tumor staging)</td></tr><tr><td><a href="http://snomed.info/id/13808002">13808002</a></td><td>Walter Reed stage 3 (tumor staging)</td></tr><tr><td><a href="http://snomed.info/id/74542008">74542008</a></td><td>Walter Reed stage 4 (tumor staging)</td></tr><tr><td><a href="http://snomed.info/id/66470009">66470009</a></td><td>Walter Reed stage 5 (tumor staging)</td></tr><tr><td><a href="http://snomed.info/id/83200007">83200007</a></td><td>Walter Reed stage 6 (tumor staging)</td></tr></table></li></ul></div></text><url value="http://krebsregister-rlp.de/fhir/tumorboard/ValueSet/cancer-staging-method-vs"/><version value="0.1.0"/><name value="CancerStagingMethodVS"/><title value="Cancer Staging Method Value Set"/><status value="draft"/><experimental value="false"/><date value="2024-02-29T07:33:51+00:00"/><publisher value="IDG Institut für digitale Gesundheitsdaten RLP gGmbH"/><contact><name value="IDG Institut für digitale Gesundheitsdaten RLP gGmbH"/><telecom><system value="url"/><value value="https://www.krebsregister-rlp.de/"/></telecom><telecom><system value="email"/><value value="info@krebsregister-rlp.de"/></telecom></contact><description value="System or method used for staging cancers. The terms in this value set describe staging systems, not specific stages or descriptors used within those systems."/><copyright value="This value set includes content from SNOMED CT, which is copyright © 2002+ International Health Terminology Standards Development Organisation (IHTSDO), and distributed by agreement between IHTSDO and HL7. Implementer use of SNOMED CT is not covered by this agreement"/><compose><include><system value="http://snomed.info/sct"/><filter><property value="concept"/><op value="descendent-of"/><value value="254292007"/></filter></include><include><system value="http://snomed.info/sct"/><concept><code value="1149162008"/><display value="International Staging System for multiple myeloma (staging scale)"/></concept><concept><code value="1149163003"/><display value="Revised International Staging System for multiple myeloma (staging scale)"/></concept><concept><code value="246165003"/><display value="Extent of disease (attribute)"/></concept><concept><code value="418414003"/><display value="The revised European-American Lymphoma classification (qualifier value)"/></concept><concept><code value="418823005"/><display value="The World Health Organization classification of lymphoid malignancies (qualifier value)"/></concept></include><exclude><system value="http://snomed.info/sct"/><filter><property value="concept"/><op value="descendent-of"/><value value="258318002"/></filter></exclude><exclude><system value="http://snomed.info/sct"/><filter><property value="concept"/><op value="descendent-of"/><value value="258309004"/></filter></exclude><exclude><system value="http://snomed.info/sct"/><filter><property value="concept"/><op value="descendent-of"/><value value="258233007"/></filter></exclude><exclude><system value="http://snomed.info/sct"/><filter><property value="concept"/><op value="descendent-of"/><value value="258271004"/></filter></exclude><exclude><system value="http://snomed.info/sct"/><concept><code value="42114005"/><display value="Walter Reed stage 1 (tumor staging)"/></concept><concept><code value="15972002"/><display value="Walter Reed stage 2 (tumor staging)"/></concept><concept><code value="13808002"/><display value="Walter Reed stage 3 (tumor staging)"/></concept><concept><code value="74542008"/><display value="Walter Reed stage 4 (tumor staging)"/></concept><concept><code value="66470009"/><display value="Walter Reed stage 5 (tumor staging)"/></concept><concept><code value="83200007"/><display value="Walter Reed stage 6 (tumor staging)"/></concept></exclude></compose></ValueSet>