{"resourceType":"ImplementationGuide","id":"de.krebsregister-rlp.tumorboard","text":{"status":"extensions","div":"<div xmlns=\"http://www.w3.org/1999/xhtml\"><h2>TumorBoardRLP</h2><p>The official URL for this implementation guide is: </p><pre>http://krebsregister-rlp.de/fhir/tumorboard/ImplementationGuide/de.krebsregister-rlp.tumorboard</pre></div>"},"url":"http://krebsregister-rlp.de/fhir/tumorboard/ImplementationGuide/de.krebsregister-rlp.tumorboard","version":"0.1.0","name":"TumorBoardRLP","status":"draft","date":"2024-02-29T07:55:24+00:00","publisher":"IDG Institut für digitale Gesundheitsdaten RLP gGmbH","contact":[{"name":"IDG Institut für digitale Gesundheitsdaten RLP gGmbH","telecom":[{"system":"url","value":"https://www.krebsregister-rlp.de/"},{"system":"email","value":"info@krebsregister-rlp.de"}]}],"packageId":"de.krebsregister-rlp.tumorboard","license":"CC0-1.0","fhirVersion":["4.0.1"],"dependsOn":[{"id":"hl7tx","extension":[{"url":"http://hl7.org/fhir/tools/StructureDefinition/implementationguide-dependency-comment","valueMarkdown":"Automatically added as a dependency - all IGs depend on HL7 Terminology"}],"uri":"http://terminology.hl7.org/ImplementationGuide/hl7.terminology","packageId":"hl7.terminology.r4","version":"5.3.0"},{"id":"hl7ext","extension":[{"url":"http://hl7.org/fhir/tools/StructureDefinition/implementationguide-dependency-comment","valueMarkdown":"Automatically added as a dependency - all IGs depend on the HL7 Extension Pack"}],"uri":"http://hl7.org/fhir/extensions/ImplementationGuide/hl7.fhir.uv.extensions","packageId":"hl7.fhir.uv.extensions.r4","version":"1.0.0"},{"id":"de_basisprofil_r4","uri":"http://fhir.org/packages/de.basisprofil.r4/ImplementationGuide/de.basisprofil.r4","packageId":"de.basisprofil.r4","version":"1.4.0"},{"id":"hl7_fhir_us_mcode","uri":"http://hl7.org/fhir/us/mcode/ImplementationGuide/hl7.fhir.us.mcode","packageId":"hl7.fhir.us.mcode","version":"2.1.0"}],"definition":{"extension":[{"extension":[{"url":"code","valueString":"copyrightyear"},{"url":"value","valueString":"2023+"}],"url":"http://hl7.org/fhir/tools/StructureDefinition/ig-parameter"},{"extension":[{"url":"code","valueString":"releaselabel"},{"url":"value","valueString":"ci-build"}],"url":"http://hl7.org/fhir/tools/StructureDefinition/ig-parameter"},{"extension":[{"url":"code","valueString":"autoload-resources"},{"url":"value","valueString":"true"}],"url":"http://hl7.org/fhir/tools/StructureDefinition/ig-parameter"},{"extension":[{"url":"code","valueString":"path-liquid"},{"url":"value","valueString":"template/liquid"}],"url":"http://hl7.org/fhir/tools/StructureDefinition/ig-parameter"},{"extension":[{"url":"code","valueString":"path-liquid"},{"url":"value","valueString":"input/liquid"}],"url":"http://hl7.org/fhir/tools/StructureDefinition/ig-parameter"},{"extension":[{"url":"code","valueString":"path-qa"},{"url":"value","valueString":"temp/qa"}],"url":"http://hl7.org/fhir/tools/StructureDefinition/ig-parameter"},{"extension":[{"url":"code","valueString":"path-temp"},{"url":"value","valueString":"temp/pages"}],"url":"http://hl7.org/fhir/tools/StructureDefinition/ig-parameter"},{"extension":[{"url":"code","valueString":"path-output"},{"url":"value","valueString":"output"}],"url":"http://hl7.org/fhir/tools/StructureDefinition/ig-parameter"},{"extension":[{"url":"code","valueString":"path-suppressed-warnings"},{"url":"value","valueString":"input/ignoreWarnings.txt"}],"url":"http://hl7.org/fhir/tools/StructureDefinition/ig-parameter"},{"extension":[{"url":"code","valueString":"path-history"},{"url":"value","valueString":"http://krebsregister-rlp.de/fhir/tumorboard/history.html"}],"url":"http://hl7.org/fhir/tools/StructureDefinition/ig-parameter"},{"extension":[{"url":"code","valueString":"template-html"},{"url":"value","valueString":"template-page.html"}],"url":"http://hl7.org/fhir/tools/StructureDefinition/ig-parameter"},{"extension":[{"url":"code","valueString":"template-md"},{"url":"value","valueString":"template-page-md.html"}],"url":"http://hl7.org/fhir/tools/StructureDefinition/ig-parameter"},{"extension":[{"url":"code","valueString":"apply-contact"},{"url":"value","valueString":"true"}],"url":"http://hl7.org/fhir/tools/StructureDefinition/ig-parameter"},{"extension":[{"url":"code","valueString":"apply-context"},{"url":"value","valueString":"true"}],"url":"http://hl7.org/fhir/tools/StructureDefinition/ig-parameter"},{"extension":[{"url":"code","valueString":"apply-copyright"},{"url":"value","valueString":"true"}],"url":"http://hl7.org/fhir/tools/StructureDefinition/ig-parameter"},{"extension":[{"url":"code","valueString":"apply-jurisdiction"},{"url":"value","valueString":"true"}],"url":"http://hl7.org/fhir/tools/StructureDefinition/ig-parameter"},{"extension":[{"url":"code","valueString":"apply-license"},{"url":"value","valueString":"true"}],"url":"http://hl7.org/fhir/tools/StructureDefinition/ig-parameter"},{"extension":[{"url":"code","valueString":"apply-publisher"},{"url":"value","valueString":"true"}],"url":"http://hl7.org/fhir/tools/StructureDefinition/ig-parameter"},{"extension":[{"url":"code","valueString":"apply-version"},{"url":"value","valueString":"true"}],"url":"http://hl7.org/fhir/tools/StructureDefinition/ig-parameter"},{"extension":[{"url":"code","valueString":"apply-wg"},{"url":"value","valueString":"true"}],"url":"http://hl7.org/fhir/tools/StructureDefinition/ig-parameter"},{"extension":[{"url":"code","valueString":"active-tables"},{"url":"value","valueString":"true"}],"url":"http://hl7.org/fhir/tools/StructureDefinition/ig-parameter"},{"extension":[{"url":"code","valueString":"fmm-definition"},{"url":"value","valueString":"http://hl7.org/fhir/versions.html#maturity"}],"url":"http://hl7.org/fhir/tools/StructureDefinition/ig-parameter"},{"extension":[{"url":"code","valueString":"propagate-status"},{"url":"value","valueString":"true"}],"url":"http://hl7.org/fhir/tools/StructureDefinition/ig-parameter"},{"extension":[{"url":"code","valueString":"excludelogbinaryformat"},{"url":"value","valueString":"true"}],"url":"http://hl7.org/fhir/tools/StructureDefinition/ig-parameter"},{"extension":[{"url":"code","valueString":"tabbed-snapshots"},{"url":"value","valueString":"true"}],"url":"http://hl7.org/fhir/tools/StructureDefinition/ig-parameter"},{"url":"http://hl7.org/fhir/tools/StructureDefinition/ig-internal-dependency","valueCode":"hl7.fhir.uv.tools#current"},{"extension":[{"url":"code","valueCode":"copyrightyear"},{"url":"value","valueString":"2023+"}],"url":"http://hl7.org/fhir/tools/StructureDefinition/ig-parameter"},{"extension":[{"url":"code","valueCode":"releaselabel"},{"url":"value","valueString":"ci-build"}],"url":"http://hl7.org/fhir/tools/StructureDefinition/ig-parameter"},{"extension":[{"url":"code","valueCode":"autoload-resources"},{"url":"value","valueString":"true"}],"url":"http://hl7.org/fhir/tools/StructureDefinition/ig-parameter"},{"extension":[{"url":"code","valueCode":"path-liquid"},{"url":"value","valueString":"template/liquid"}],"url":"http://hl7.org/fhir/tools/StructureDefinition/ig-parameter"},{"extension":[{"url":"code","valueCode":"path-liquid"},{"url":"value","valueString":"input/liquid"}],"url":"http://hl7.org/fhir/tools/StructureDefinition/ig-parameter"},{"extension":[{"url":"code","valueCode":"path-qa"},{"url":"value","valueString":"temp/qa"}],"url":"http://hl7.org/fhir/tools/StructureDefinition/ig-parameter"},{"extension":[{"url":"code","valueCode":"path-temp"},{"url":"value","valueString":"temp/pages"}],"url":"http://hl7.org/fhir/tools/StructureDefinition/ig-parameter"},{"extension":[{"url":"code","valueCode":"path-output"},{"url":"value","valueString":"output"}],"url":"http://hl7.org/fhir/tools/StructureDefinition/ig-parameter"},{"extension":[{"url":"code","valueCode":"path-suppressed-warnings"},{"url":"value","valueString":"input/ignoreWarnings.txt"}],"url":"http://hl7.org/fhir/tools/StructureDefinition/ig-parameter"},{"extension":[{"url":"code","valueCode":"path-history"},{"url":"value","valueString":"http://krebsregister-rlp.de/fhir/tumorboard/history.html"}],"url":"http://hl7.org/fhir/tools/StructureDefinition/ig-parameter"},{"extension":[{"url":"code","valueCode":"template-html"},{"url":"value","valueString":"template-page.html"}],"url":"http://hl7.org/fhir/tools/StructureDefinition/ig-parameter"},{"extension":[{"url":"code","valueCode":"template-md"},{"url":"value","valueString":"template-page-md.html"}],"url":"http://hl7.org/fhir/tools/StructureDefinition/ig-parameter"},{"extension":[{"url":"code","valueCode":"apply-contact"},{"url":"value","valueString":"true"}],"url":"http://hl7.org/fhir/tools/StructureDefinition/ig-parameter"},{"extension":[{"url":"code","valueCode":"apply-context"},{"url":"value","valueString":"true"}],"url":"http://hl7.org/fhir/tools/StructureDefinition/ig-parameter"},{"extension":[{"url":"code","valueCode":"apply-copyright"},{"url":"value","valueString":"true"}],"url":"http://hl7.org/fhir/tools/StructureDefinition/ig-parameter"},{"extension":[{"url":"code","valueCode":"apply-jurisdiction"},{"url":"value","valueString":"true"}],"url":"http://hl7.org/fhir/tools/StructureDefinition/ig-parameter"},{"extension":[{"url":"code","valueCode":"apply-license"},{"url":"value","valueString":"true"}],"url":"http://hl7.org/fhir/tools/StructureDefinition/ig-parameter"},{"extension":[{"url":"code","valueCode":"apply-publisher"},{"url":"value","valueString":"true"}],"url":"http://hl7.org/fhir/tools/StructureDefinition/ig-parameter"},{"extension":[{"url":"code","valueCode":"apply-version"},{"url":"value","valueString":"true"}],"url":"http://hl7.org/fhir/tools/StructureDefinition/ig-parameter"},{"extension":[{"url":"code","valueCode":"apply-wg"},{"url":"value","valueString":"true"}],"url":"http://hl7.org/fhir/tools/StructureDefinition/ig-parameter"},{"extension":[{"url":"code","valueCode":"active-tables"},{"url":"value","valueString":"true"}],"url":"http://hl7.org/fhir/tools/StructureDefinition/ig-parameter"},{"extension":[{"url":"code","valueCode":"fmm-definition"},{"url":"value","valueString":"http://hl7.org/fhir/versions.html#maturity"}],"url":"http://hl7.org/fhir/tools/StructureDefinition/ig-parameter"},{"extension":[{"url":"code","valueCode":"propagate-status"},{"url":"value","valueString":"true"}],"url":"http://hl7.org/fhir/tools/StructureDefinition/ig-parameter"},{"extension":[{"url":"code","valueCode":"excludelogbinaryformat"},{"url":"value","valueString":"true"}],"url":"http://hl7.org/fhir/tools/StructureDefinition/ig-parameter"},{"extension":[{"url":"code","valueCode":"tabbed-snapshots"},{"url":"value","valueString":"true"}],"url":"http://hl7.org/fhir/tools/StructureDefinition/ig-parameter"},{"extension":[{"url":"code","valueCode":"copyrightyear"},{"url":"value","valueString":"2023+"}],"url":"http://hl7.org/fhir/tools/StructureDefinition/ig-parameter"},{"extension":[{"url":"code","valueCode":"releaselabel"},{"url":"value","valueString":"ci-build"}],"url":"http://hl7.org/fhir/tools/StructureDefinition/ig-parameter"},{"extension":[{"url":"code","valueCode":"autoload-resources"},{"url":"value","valueString":"true"}],"url":"http://hl7.org/fhir/tools/StructureDefinition/ig-parameter"},{"extension":[{"url":"code","valueCode":"path-liquid"},{"url":"value","valueString":"template/liquid"}],"url":"http://hl7.org/fhir/tools/StructureDefinition/ig-parameter"},{"extension":[{"url":"code","valueCode":"path-liquid"},{"url":"value","valueString":"input/liquid"}],"url":"http://hl7.org/fhir/tools/StructureDefinition/ig-parameter"},{"extension":[{"url":"code","valueCode":"path-qa"},{"url":"value","valueString":"temp/qa"}],"url":"http://hl7.org/fhir/tools/StructureDefinition/ig-parameter"},{"extension":[{"url":"code","valueCode":"path-temp"},{"url":"value","valueString":"temp/pages"}],"url":"http://hl7.org/fhir/tools/StructureDefinition/ig-parameter"},{"extension":[{"url":"code","valueCode":"path-output"},{"url":"value","valueString":"output"}],"url":"http://hl7.org/fhir/tools/StructureDefinition/ig-parameter"},{"extension":[{"url":"code","valueCode":"path-suppressed-warnings"},{"url":"value","valueString":"input/ignoreWarnings.txt"}],"url":"http://hl7.org/fhir/tools/StructureDefinition/ig-parameter"},{"extension":[{"url":"code","valueCode":"path-history"},{"url":"value","valueString":"http://krebsregister-rlp.de/fhir/tumorboard/history.html"}],"url":"http://hl7.org/fhir/tools/StructureDefinition/ig-parameter"},{"extension":[{"url":"code","valueCode":"template-html"},{"url":"value","valueString":"template-page.html"}],"url":"http://hl7.org/fhir/tools/StructureDefinition/ig-parameter"},{"extension":[{"url":"code","valueCode":"template-md"},{"url":"value","valueString":"template-page-md.html"}],"url":"http://hl7.org/fhir/tools/StructureDefinition/ig-parameter"},{"extension":[{"url":"code","valueCode":"apply-contact"},{"url":"value","valueString":"true"}],"url":"http://hl7.org/fhir/tools/StructureDefinition/ig-parameter"},{"extension":[{"url":"code","valueCode":"apply-context"},{"url":"value","valueString":"true"}],"url":"http://hl7.org/fhir/tools/StructureDefinition/ig-parameter"},{"extension":[{"url":"code","valueCode":"apply-copyright"},{"url":"value","valueString":"true"}],"url":"http://hl7.org/fhir/tools/StructureDefinition/ig-parameter"},{"extension":[{"url":"code","valueCode":"apply-jurisdiction"},{"url":"value","valueString":"true"}],"url":"http://hl7.org/fhir/tools/StructureDefinition/ig-parameter"},{"extension":[{"url":"code","valueCode":"apply-license"},{"url":"value","valueString":"true"}],"url":"http://hl7.org/fhir/tools/StructureDefinition/ig-parameter"},{"extension":[{"url":"code","valueCode":"apply-publisher"},{"url":"value","valueString":"true"}],"url":"http://hl7.org/fhir/tools/StructureDefinition/ig-parameter"},{"extension":[{"url":"code","valueCode":"apply-version"},{"url":"value","valueString":"true"}],"url":"http://hl7.org/fhir/tools/StructureDefinition/ig-parameter"},{"extension":[{"url":"code","valueCode":"apply-wg"},{"url":"value","valueString":"true"}],"url":"http://hl7.org/fhir/tools/StructureDefinition/ig-parameter"},{"extension":[{"url":"code","valueCode":"active-tables"},{"url":"value","valueString":"true"}],"url":"http://hl7.org/fhir/tools/StructureDefinition/ig-parameter"},{"extension":[{"url":"code","valueCode":"fmm-definition"},{"url":"value","valueString":"http://hl7.org/fhir/versions.html#maturity"}],"url":"http://hl7.org/fhir/tools/StructureDefinition/ig-parameter"},{"extension":[{"url":"code","valueCode":"propagate-status"},{"url":"value","valueString":"true"}],"url":"http://hl7.org/fhir/tools/StructureDefinition/ig-parameter"},{"extension":[{"url":"code","valueCode":"excludelogbinaryformat"},{"url":"value","valueString":"true"}],"url":"http://hl7.org/fhir/tools/StructureDefinition/ig-parameter"},{"extension":[{"url":"code","valueCode":"tabbed-snapshots"},{"url":"value","valueString":"true"}],"url":"http://hl7.org/fhir/tools/StructureDefinition/ig-parameter"}],"grouping":[{"id":"-str-profile","name":"Structures: Resource Profiles","description":"These define constraints on FHIR resources for systems conforming to this implementation guide."},{"id":"-term-valueset","name":"Terminology: Value Sets","description":"These define sets of codes used by systems conforming to this implementation guide."},{"id":"-term-codesystem","name":"Terminology: Code Systems","description":"These define new code systems used by systems conforming to this implementation guide."},{"id":"-ex-example","name":"Example: Example Instances","description":"These are example instances that show what data produced and consumed by systems conforming with this implementation guide might look like."}],"resource":[{"extension":[{"url":"http://hl7.org/fhir/tools/StructureDefinition/resource-sort","valueInteger":999999999},{"url":"http://hl7.org/fhir/StructureDefinition/implementationguide-page","valueUri":"StructureDefinition-cancer-stage-group.html"}],"reference":{"reference":"StructureDefinition/cancer-stage-group"},"name":"Cancer Stage Group Profile","description":"An assessment of the extent of the cancer in the body, according to a given cancer staging classification system. This profile can be used with any staging system, but it is specifically targeted for non-TNM staging systems, since specialized TNM staging profiles are provided.","exampleBoolean":false,"groupingId":"-str-profile"},{"extension":[{"url":"http://hl7.org/fhir/tools/StructureDefinition/resource-sort","valueInteger":999999999},{"url":"http://hl7.org/fhir/StructureDefinition/implementationguide-page","valueUri":"StructureDefinition-ecog.html"}],"reference":{"reference":"StructureDefinition/ecog"},"name":"ECOG","description":"Allgemeiner Leistungszustand: ECOG","exampleBoolean":false,"groupingId":"-str-profile"},{"extension":[{"url":"http://hl7.org/fhir/tools/StructureDefinition/resource-sort","valueInteger":999999999},{"url":"http://hl7.org/fhir/StructureDefinition/implementationguide-page","valueUri":"StructureDefinition-histologie.html"}],"reference":{"reference":"StructureDefinition/histologie"},"name":"Histologie","description":"Histologie","exampleBoolean":false,"groupingId":"-str-profile"},{"extension":[{"url":"http://hl7.org/fhir/tools/StructureDefinition/resource-sort","valueInteger":999999999},{"url":"http://hl7.org/fhir/StructureDefinition/implementationguide-page","valueUri":"StructureDefinition-Melder.html"}],"reference":{"reference":"StructureDefinition/Melder"},"name":"Melder","description":"Meldende/anfragende ÄrztIn","exampleBoolean":false,"groupingId":"-str-profile"},{"extension":[{"url":"http://hl7.org/fhir/tools/StructureDefinition/resource-sort","valueInteger":999999999},{"url":"http://hl7.org/fhir/StructureDefinition/implementationguide-page","valueUri":"StructureDefinition-MelderInOrganisation.html"}],"reference":{"reference":"StructureDefinition/MelderInOrganisation"},"name":"Melder in Organisation","description":"Zuordnung des Melders zu einer Organisation","exampleBoolean":false,"groupingId":"-str-profile"},{"extension":[{"url":"http://hl7.org/fhir/tools/StructureDefinition/resource-sort","valueInteger":999999999},{"url":"http://hl7.org/fhir/StructureDefinition/implementationguide-page","valueUri":"StructureDefinition-operation.html"}],"reference":{"reference":"StructureDefinition/operation"},"name":"Operation","description":"Operation (chirurgischer Eingriff) in ihrer Gesamtheit.","exampleBoolean":false,"groupingId":"-str-profile"},{"extension":[{"url":"http://hl7.org/fhir/tools/StructureDefinition/resource-sort","valueInteger":999999999},{"url":"http://hl7.org/fhir/StructureDefinition/implementationguide-page","valueUri":"StructureDefinition-operation-einzelprozedur.html"}],"reference":{"reference":"StructureDefinition/operation-einzelprozedur"},"name":"Operation Einzelprozedur","description":"Einzelprozedur als Teil einer Operation. Typischerweise mittels OPS dokumentiert.","exampleBoolean":false,"groupingId":"-str-profile"},{"extension":[{"url":"http://hl7.org/fhir/tools/StructureDefinition/resource-sort","valueInteger":999999999},{"url":"http://hl7.org/fhir/StructureDefinition/implementationguide-page","valueUri":"StructureDefinition-Organisation.html"}],"reference":{"reference":"StructureDefinition/Organisation"},"name":"Organisation","description":"Organisation (Krankenhaus, Praxis)","exampleBoolean":false,"groupingId":"-str-profile"},{"extension":[{"url":"http://hl7.org/fhir/tools/StructureDefinition/resource-sort","valueInteger":999999999},{"url":"http://hl7.org/fhir/StructureDefinition/implementationguide-page","valueUri":"StructureDefinition-tnm-distant-metastases-category.html"}],"reference":{"reference":"StructureDefinition/tnm-distant-metastases-category"},"name":"TNM Distant Metastases Category Profile","description":"Category describing the extent of a tumor metastasis in remote anatomical locations, based on evidence such as physical examination, imaging, and/or biopsy.","exampleBoolean":false,"groupingId":"-str-profile"},{"extension":[{"url":"http://hl7.org/fhir/tools/StructureDefinition/resource-sort","valueInteger":999999999},{"url":"http://hl7.org/fhir/StructureDefinition/implementationguide-page","valueUri":"StructureDefinition-tnm-primary-tumor-category.html"}],"reference":{"reference":"StructureDefinition/tnm-primary-tumor-category"},"name":"TNM Primary Tumor Category Profile","description":"Category of the primary tumor, based on its size and extent, based on evidence such as physical examination, imaging, and/or biopsy.","exampleBoolean":false,"groupingId":"-str-profile"},{"extension":[{"url":"http://hl7.org/fhir/tools/StructureDefinition/resource-sort","valueInteger":999999999},{"url":"http://hl7.org/fhir/StructureDefinition/implementationguide-page","valueUri":"StructureDefinition-tnm-regional-nodes-category.html"}],"reference":{"reference":"StructureDefinition/tnm-regional-nodes-category"},"name":"TNM Regional Nodes Category Profile","description":"Category of the presence or absence of metastases in regional lymph nodes, based on evidence such as physical examination, imaging, and/or biopsy.","exampleBoolean":false,"groupingId":"-str-profile"},{"extension":[{"url":"http://hl7.org/fhir/tools/StructureDefinition/resource-sort","valueInteger":999999999},{"url":"http://hl7.org/fhir/StructureDefinition/implementationguide-page","valueUri":"StructureDefinition-tnm-stage-group.html"}],"reference":{"reference":"StructureDefinition/tnm-stage-group"},"name":"TNM Stage Group Profile","description":"The extent of cancer represented by the stage group, based on a TNM staging system.","exampleBoolean":false,"groupingId":"-str-profile"},{"extension":[{"url":"http://hl7.org/fhir/tools/StructureDefinition/resource-sort","valueInteger":999999999},{"url":"http://hl7.org/fhir/StructureDefinition/implementationguide-page","valueUri":"StructureDefinition-tumor.html"}],"reference":{"reference":"StructureDefinition/tumor"},"name":"Tumor","description":"Tumor","exampleBoolean":false,"groupingId":"-str-profile"},{"extension":[{"url":"http://hl7.org/fhir/tools/StructureDefinition/resource-sort","valueInteger":999999999},{"url":"http://hl7.org/fhir/StructureDefinition/implementationguide-page","valueUri":"StructureDefinition-TumorPatient.html"}],"reference":{"reference":"StructureDefinition/TumorPatient"},"name":"Tumor-Patient","description":"Patienten-Stammdaten","exampleBoolean":false,"groupingId":"-str-profile"},{"extension":[{"url":"http://hl7.org/fhir/tools/StructureDefinition/resource-sort","valueInteger":999999999},{"url":"http://hl7.org/fhir/StructureDefinition/implementationguide-page","valueUri":"StructureDefinition-Diagnose.html"}],"reference":{"reference":"StructureDefinition/Diagnose"},"name":"Tumordiagnose","description":"Diagnoseinformationen (Primärtumor, frühere Tumore)","exampleBoolean":false,"groupingId":"-str-profile"},{"extension":[{"url":"http://hl7.org/fhir/tools/StructureDefinition/resource-sort","valueInteger":999999999},{"url":"http://hl7.org/fhir/StructureDefinition/implementationguide-page","valueUri":"StructureDefinition-tumorErkrankung.html"}],"reference":{"reference":"StructureDefinition/tumorErkrankung"},"name":"Tumorerkrankung","description":"Tumorerkrankung/Fall, dient als Klammer der Krebserkrankung","exampleBoolean":false,"groupingId":"-str-profile"},{"extension":[{"url":"http://hl7.org/fhir/tools/StructureDefinition/resource-sort","valueInteger":999999999},{"url":"http://hl7.org/fhir/StructureDefinition/implementationguide-page","valueUri":"ValueSet-cancer-stage-group-vs.html"}],"reference":{"reference":"ValueSet/cancer-stage-group-vs"},"name":"Cancer Stage Group Value Set","description":"The result of cancer staging, i.e., the stage or category of the cancer.","exampleBoolean":false,"groupingId":"-term-valueset"},{"extension":[{"url":"http://hl7.org/fhir/tools/StructureDefinition/resource-sort","valueInteger":999999999},{"url":"http://hl7.org/fhir/StructureDefinition/implementationguide-page","valueUri":"ValueSet-cancer-staging-method-vs.html"}],"reference":{"reference":"ValueSet/cancer-staging-method-vs"},"name":"Cancer Staging Method Value Set","description":"System or method used for staging cancers. The terms in this value set describe staging systems, not specific stages or descriptors used within those systems.","exampleBoolean":false,"groupingId":"-term-valueset"},{"extension":[{"url":"http://hl7.org/fhir/tools/StructureDefinition/resource-sort","valueInteger":999999999},{"url":"http://hl7.org/fhir/StructureDefinition/implementationguide-page","valueUri":"ValueSet-cancer-staging-type-vs.html"}],"reference":{"reference":"ValueSet/cancer-staging-type-vs"},"name":"Cancer Staging Type Value Set","description":"Identifying codes for the type of cancer staging performed. In terms of the SNOMED CT hierarchy, these codes represent observables.","exampleBoolean":false,"groupingId":"-term-valueset"},{"extension":[{"url":"http://hl7.org/fhir/tools/StructureDefinition/resource-sort","valueInteger":999999999},{"url":"http://hl7.org/fhir/StructureDefinition/implementationguide-page","valueUri":"ValueSet-ecog-performance-status.html"}],"reference":{"reference":"ValueSet/ecog-performance-status"},"name":"ECOG","description":"ECOG Performance Status (Level 0-5).","exampleBoolean":false,"groupingId":"-term-valueset"},{"extension":[{"url":"http://hl7.org/fhir/tools/StructureDefinition/resource-sort","valueInteger":999999999},{"url":"http://hl7.org/fhir/StructureDefinition/implementationguide-page","valueUri":"ValueSet-icd-o-3-morphologie.html"}],"reference":{"reference":"ValueSet/icd-o-3-morphologie"},"name":"Morphologie Codes des ICD-O-3 CodeSystems.","exampleBoolean":false,"groupingId":"-term-valueset"},{"extension":[{"url":"http://hl7.org/fhir/tools/StructureDefinition/resource-sort","valueInteger":999999999},{"url":"http://hl7.org/fhir/StructureDefinition/implementationguide-page","valueUri":"ValueSet-tnm-distant-metastases-category-vs.html"}],"reference":{"reference":"ValueSet/tnm-distant-metastases-category-vs"},"name":"TNM Distant Metastases Category Value Set","description":"Result values for M category. This value set contains SNOMED-CT equivalents of UICC codes for the M category, according to TNM staging rules.","exampleBoolean":false,"groupingId":"-term-valueset"},{"extension":[{"url":"http://hl7.org/fhir/tools/StructureDefinition/resource-sort","valueInteger":999999999},{"url":"http://hl7.org/fhir/StructureDefinition/implementationguide-page","valueUri":"ValueSet-tnm-distant-metastases-category-max-vs.html"}],"reference":{"reference":"ValueSet/tnm-distant-metastases-category-max-vs"},"name":"TNM Distant Metastases Maximum Value Set","description":"Values for TNM distant metastases category must be selected from this value set, which includes all codes from UICC and all codes from TNMDistantMetastasesCategoryVS.","exampleBoolean":false,"groupingId":"-term-valueset"},{"extension":[{"url":"http://hl7.org/fhir/tools/StructureDefinition/resource-sort","valueInteger":999999999},{"url":"http://hl7.org/fhir/StructureDefinition/implementationguide-page","valueUri":"ValueSet-tnm-distant-metastases-staging-type-vs.html"}],"reference":{"reference":"ValueSet/tnm-distant-metastases-staging-type-vs"},"name":"TNM Distant Metastases Staging Type Value Set","description":"Identifying codes for the type of cancer staging performed, i.e., clinical, pathological, or other, for distant metastases (M) staging observation.","exampleBoolean":false,"groupingId":"-term-valueset"},{"extension":[{"url":"http://hl7.org/fhir/tools/StructureDefinition/resource-sort","valueInteger":999999999},{"url":"http://hl7.org/fhir/StructureDefinition/implementationguide-page","valueUri":"ValueSet-tnm-primary-tumor-category-vs.html"}],"reference":{"reference":"ValueSet/tnm-primary-tumor-category-vs"},"name":"TNM Primary Tumor Category Value Set","description":"Result values for T category. This value set contains SNOMED-CT equivalents of UICC codes for the T category, according to TNM staging rules.","exampleBoolean":false,"groupingId":"-term-valueset"},{"extension":[{"url":"http://hl7.org/fhir/tools/StructureDefinition/resource-sort","valueInteger":999999999},{"url":"http://hl7.org/fhir/StructureDefinition/implementationguide-page","valueUri":"ValueSet-tnm-primary-tumor-category-max-vs.html"}],"reference":{"reference":"ValueSet/tnm-primary-tumor-category-max-vs"},"name":"TNM Primary Tumor Maximum Value Set","description":"Values for TNM primary tumor category must be selected from this value set, which includes all codes from UICC and all codes from TNMPrimaryTumorCategoryVS.","exampleBoolean":false,"groupingId":"-term-valueset"},{"extension":[{"url":"http://hl7.org/fhir/tools/StructureDefinition/resource-sort","valueInteger":999999999},{"url":"http://hl7.org/fhir/StructureDefinition/implementationguide-page","valueUri":"ValueSet-tnm-primary-tumor-staging-type-vs.html"}],"reference":{"reference":"ValueSet/tnm-primary-tumor-staging-type-vs"},"name":"TNM Primary Tumor Staging Type Value Set","description":"Identifying codes for the type of cancer staging performed, i.e., clinical, pathological, or other, for primary tumor (T) staging observation.","exampleBoolean":false,"groupingId":"-term-valueset"},{"extension":[{"url":"http://hl7.org/fhir/tools/StructureDefinition/resource-sort","valueInteger":999999999},{"url":"http://hl7.org/fhir/StructureDefinition/implementationguide-page","valueUri":"ValueSet-tnm-regional-nodes-category-vs.html"}],"reference":{"reference":"ValueSet/tnm-regional-nodes-category-vs"},"name":"TNM Regional Nodes Category Value Set","description":"Result values for N category. This value set contains SNOMED-CT equivalents of UICC codes for the N category, according to TNM staging rules.","exampleBoolean":false,"groupingId":"-term-valueset"},{"extension":[{"url":"http://hl7.org/fhir/tools/StructureDefinition/resource-sort","valueInteger":999999999},{"url":"http://hl7.org/fhir/StructureDefinition/implementationguide-page","valueUri":"ValueSet-tnm-regional-nodes-category-max-vs.html"}],"reference":{"reference":"ValueSet/tnm-regional-nodes-category-max-vs"},"name":"TNM Regional Nodes Maximum Value Set","description":"Values for TNM regional nodes category must be selected from this value set, which includes all codes from UICC and all codes from TNMRegionalNodesCategoryVS.","exampleBoolean":false,"groupingId":"-term-valueset"},{"extension":[{"url":"http://hl7.org/fhir/tools/StructureDefinition/resource-sort","valueInteger":999999999},{"url":"http://hl7.org/fhir/StructureDefinition/implementationguide-page","valueUri":"ValueSet-tnm-regional-nodes-staging-type-vs.html"}],"reference":{"reference":"ValueSet/tnm-regional-nodes-staging-type-vs"},"name":"TNM Regional Nodes Staging Type Value Set","description":"Identifying codes for the type of cancer staging performed, i.e., clinical, pathological, or other, for regional nodes (N) staging observation.","exampleBoolean":false,"groupingId":"-term-valueset"},{"extension":[{"url":"http://hl7.org/fhir/tools/StructureDefinition/resource-sort","valueInteger":999999999},{"url":"http://hl7.org/fhir/StructureDefinition/implementationguide-page","valueUri":"ValueSet-tnm-stage-group-max-vs.html"}],"reference":{"reference":"ValueSet/tnm-stage-group-max-vs"},"name":"TNM Stage Group Maximum Value Set","description":"Values for TNM stage group must be selected from this value set, which includes all codes from UICC and all codes from TNMStageGroupVS.","exampleBoolean":false,"groupingId":"-term-valueset"},{"extension":[{"url":"http://hl7.org/fhir/tools/StructureDefinition/resource-sort","valueInteger":999999999},{"url":"http://hl7.org/fhir/StructureDefinition/implementationguide-page","valueUri":"ValueSet-tnm-stage-group-staging-type-vs.html"}],"reference":{"reference":"ValueSet/tnm-stage-group-staging-type-vs"},"name":"TNM Stage Group Staging Type Value Set","description":"Identifying codes for the type of cancer staging performed, i.e., clinical, pathological, or other, for the stage group observation.","exampleBoolean":false,"groupingId":"-term-valueset"},{"extension":[{"url":"http://hl7.org/fhir/tools/StructureDefinition/resource-sort","valueInteger":999999999},{"url":"http://hl7.org/fhir/StructureDefinition/implementationguide-page","valueUri":"ValueSet-tnm-stage-group-vs.html"}],"reference":{"reference":"ValueSet/tnm-stage-group-vs"},"name":"TNM Stage Group Value Set","description":"Result values for cancer stage group using TNM staging. This value set contains SNOMED-CT equivalents of UICC codes for Stage Group, according to TNM staging rules.","exampleBoolean":false,"groupingId":"-term-valueset"},{"extension":[{"url":"http://hl7.org/fhir/tools/StructureDefinition/resource-sort","valueInteger":999999999},{"url":"http://hl7.org/fhir/StructureDefinition/implementationguide-page","valueUri":"ValueSet-tnm-staging-method-vs.html"}],"reference":{"reference":"ValueSet/tnm-staging-method-vs"},"name":"TNM Staging Method Value Set","description":"Method used for TNM staging, e.g., UICC 6th, 7th, or 8th edition.","exampleBoolean":false,"groupingId":"-term-valueset"},{"extension":[{"url":"http://hl7.org/fhir/tools/StructureDefinition/resource-sort","valueInteger":999999999},{"url":"http://hl7.org/fhir/StructureDefinition/implementationguide-page","valueUri":"ValueSet-obds-op-komplikation-vs.html"}],"reference":{"reference":"ValueSet/obds-op-komplikation-vs"},"name":"oBDS Operation Komplikation Value Set","description":"Komplikation gemäß Vorgabe oBDS.","exampleBoolean":false,"groupingId":"-term-valueset"},{"extension":[{"url":"http://hl7.org/fhir/tools/StructureDefinition/resource-sort","valueInteger":999999999},{"url":"http://hl7.org/fhir/StructureDefinition/implementationguide-page","valueUri":"CodeSystem-HistoGrade.html"}],"reference":{"reference":"CodeSystem/HistoGrade"},"name":"Histopathologische Grading Codes","description":"Die histopathologische Einstufung des invasiven Karzinoms","exampleBoolean":false,"groupingId":"-term-codesystem"},{"extension":[{"url":"http://hl7.org/fhir/tools/StructureDefinition/resource-sort","valueInteger":999999999},{"url":"http://hl7.org/fhir/StructureDefinition/implementationguide-page","valueUri":"CodeSystem-obds-op-komplikation-cs.html"}],"reference":{"reference":"CodeSystem/obds-op-komplikation-cs"},"name":"oBDS Operation Komplikation Codesystem","description":"Komplikation gemäß Vorgabe oBDS.","exampleBoolean":false,"groupingId":"-term-codesystem"},{"extension":[{"url":"http://hl7.org/fhir/tools/StructureDefinition/resource-sort","valueInteger":999999999},{"url":"http://hl7.org/fhir/StructureDefinition/implementationguide-page","valueUri":"Observation-ECOGExample.html"}],"reference":{"reference":"Observation/ECOGExample"},"name":"ECOGExample","description":"Beispielinstanz einer Observation welche einen ECOG Wert enthält.","exampleCanonical":"http://krebsregister-rlp.de/fhir/tumorboard/StructureDefinition/ecog","groupingId":"-ex-example"},{"extension":[{"url":"http://hl7.org/fhir/tools/StructureDefinition/resource-sort","valueInteger":999999999},{"url":"http://hl7.org/fhir/StructureDefinition/implementationguide-page","valueUri":"Observation-Histologie-Example.html"}],"reference":{"reference":"Observation/Histologie-Example"},"name":"HistologieExample","description":"HistologieExample","exampleCanonical":"http://krebsregister-rlp.de/fhir/tumorboard/StructureDefinition/histologie","groupingId":"-ex-example"},{"extension":[{"url":"http://hl7.org/fhir/tools/StructureDefinition/resource-sort","valueInteger":999999999},{"url":"http://hl7.org/fhir/StructureDefinition/implementationguide-page","valueUri":"Practitioner-Melder-example-1.html"}],"reference":{"reference":"Practitioner/Melder-example-1"},"name":"Melder-example-1","exampleCanonical":"http://krebsregister-rlp.de/fhir/tumorboard/StructureDefinition/Melder","groupingId":"-ex-example"},{"extension":[{"url":"http://hl7.org/fhir/tools/StructureDefinition/resource-sort","valueInteger":999999999},{"url":"http://hl7.org/fhir/StructureDefinition/implementationguide-page","valueUri":"PractitionerRole-MelderInOrganisation-example-1.html"}],"reference":{"reference":"PractitionerRole/MelderInOrganisation-example-1"},"name":"MelderInOrganisation-example-1","exampleCanonical":"http://krebsregister-rlp.de/fhir/tumorboard/StructureDefinition/MelderInOrganisation","groupingId":"-ex-example"},{"extension":[{"url":"http://hl7.org/fhir/tools/StructureDefinition/resource-sort","valueInteger":999999999},{"url":"http://hl7.org/fhir/StructureDefinition/implementationguide-page","valueUri":"Procedure-OperationEinzelprozedurExample.html"}],"reference":{"reference":"Procedure/OperationEinzelprozedurExample"},"name":"OperationEinzelprozedurExample","exampleCanonical":"http://krebsregister-rlp.de/fhir/tumorboard/StructureDefinition/operation-einzelprozedur","groupingId":"-ex-example"},{"extension":[{"url":"http://hl7.org/fhir/tools/StructureDefinition/resource-sort","valueInteger":999999999},{"url":"http://hl7.org/fhir/StructureDefinition/implementationguide-page","valueUri":"Procedure-OperationExample.html"}],"reference":{"reference":"Procedure/OperationExample"},"name":"OperationExample","exampleCanonical":"http://krebsregister-rlp.de/fhir/tumorboard/StructureDefinition/operation","groupingId":"-ex-example"},{"extension":[{"url":"http://hl7.org/fhir/tools/StructureDefinition/resource-sort","valueInteger":999999999},{"url":"http://hl7.org/fhir/StructureDefinition/implementationguide-page","valueUri":"Organization-Organisation-example-1.html"}],"reference":{"reference":"Organization/Organisation-example-1"},"name":"Organisation-example-1","exampleCanonical":"http://krebsregister-rlp.de/fhir/tumorboard/StructureDefinition/Organisation","groupingId":"-ex-example"},{"extension":[{"url":"http://hl7.org/fhir/tools/StructureDefinition/resource-sort","valueInteger":999999999},{"url":"http://hl7.org/fhir/StructureDefinition/implementationguide-page","valueUri":"Specimen-Tumor-Example.html"}],"reference":{"reference":"Specimen/Tumor-Example"},"name":"Tumor-Example","description":"Tumor-Example","exampleCanonical":"http://krebsregister-rlp.de/fhir/tumorboard/StructureDefinition/tumor","groupingId":"-ex-example"},{"extension":[{"url":"http://hl7.org/fhir/tools/StructureDefinition/resource-sort","valueInteger":999999999},{"url":"http://hl7.org/fhir/StructureDefinition/implementationguide-page","valueUri":"EpisodeOfCare-TumorErkrankungExample.html"}],"reference":{"reference":"EpisodeOfCare/TumorErkrankungExample"},"name":"TumorErkrankungExample","description":"Ein Beispiel für die Episode einer Tumorerkrankung.","exampleCanonical":"http://krebsregister-rlp.de/fhir/tumorboard/StructureDefinition/tumorErkrankung","groupingId":"-ex-example"},{"extension":[{"url":"http://hl7.org/fhir/tools/StructureDefinition/resource-sort","valueInteger":999999999},{"url":"http://hl7.org/fhir/StructureDefinition/implementationguide-page","valueUri":"Patient-TumorPatient-example-1.html"}],"reference":{"reference":"Patient/TumorPatient-example-1"},"name":"TumorPatient-example-1","exampleCanonical":"http://krebsregister-rlp.de/fhir/tumorboard/StructureDefinition/TumorPatient","groupingId":"-ex-example"}],"page":{"extension":[{"url":"http://hl7.org/fhir/tools/StructureDefinition/ig-page-name","valueUrl":"toc.html"}],"nameUrl":"toc.html","title":"Table of Contents","generation":"html","page":[{"extension":[{"url":"http://hl7.org/fhir/tools/StructureDefinition/ig-page-name","valueUrl":"index.html"}],"nameUrl":"index.html","title":"Home","generation":"markdown"},{"extension":[{"url":"http://hl7.org/fhir/tools/StructureDefinition/ig-page-name","valueUrl":"tb.html"}],"nameUrl":"tb.html","title":"Tb","generation":"markdown"},{"extension":[{"url":"http://hl7.org/fhir/tools/StructureDefinition/ig-page-name","valueUrl":"artifacts.html"}],"nameUrl":"artifacts.html","title":"Artifacts Summary","generation":"html","page":[{"extension":[{"url":"http://hl7.org/fhir/tools/StructureDefinition/ig-page-name","valueUrl":"StructureDefinition-cancer-stage-group.html"}],"nameUrl":"StructureDefinition-cancer-stage-group.html","title":"Cancer Stage Group Profile","generation":"generated"},{"extension":[{"url":"http://hl7.org/fhir/tools/StructureDefinition/ig-page-name","valueUrl":"StructureDefinition-ecog.html"}],"nameUrl":"StructureDefinition-ecog.html","title":"ECOG","generation":"generated"},{"extension":[{"url":"http://hl7.org/fhir/tools/StructureDefinition/ig-page-name","valueUrl":"StructureDefinition-histologie.html"}],"nameUrl":"StructureDefinition-histologie.html","title":"Histologie","generation":"generated"},{"extension":[{"url":"http://hl7.org/fhir/tools/StructureDefinition/ig-page-name","valueUrl":"StructureDefinition-Melder.html"}],"nameUrl":"StructureDefinition-Melder.html","title":"Melder","generation":"generated"},{"extension":[{"url":"http://hl7.org/fhir/tools/StructureDefinition/ig-page-name","valueUrl":"StructureDefinition-MelderInOrganisation.html"}],"nameUrl":"StructureDefinition-MelderInOrganisation.html","title":"Melder in Organisation","generation":"generated"},{"extension":[{"url":"http://hl7.org/fhir/tools/StructureDefinition/ig-page-name","valueUrl":"StructureDefinition-operation.html"}],"nameUrl":"StructureDefinition-operation.html","title":"Operation","generation":"generated"},{"extension":[{"url":"http://hl7.org/fhir/tools/StructureDefinition/ig-page-name","valueUrl":"StructureDefinition-operation-einzelprozedur.html"}],"nameUrl":"StructureDefinition-operation-einzelprozedur.html","title":"Operation Einzelprozedur","generation":"generated"},{"extension":[{"url":"http://hl7.org/fhir/tools/StructureDefinition/ig-page-name","valueUrl":"StructureDefinition-Organisation.html"}],"nameUrl":"StructureDefinition-Organisation.html","title":"Organisation","generation":"generated"},{"extension":[{"url":"http://hl7.org/fhir/tools/StructureDefinition/ig-page-name","valueUrl":"StructureDefinition-tnm-distant-metastases-category.html"}],"nameUrl":"StructureDefinition-tnm-distant-metastases-category.html","title":"TNM Distant Metastases Category Profile","generation":"generated"},{"extension":[{"url":"http://hl7.org/fhir/tools/StructureDefinition/ig-page-name","valueUrl":"StructureDefinition-tnm-primary-tumor-category.html"}],"nameUrl":"StructureDefinition-tnm-primary-tumor-category.html","title":"TNM Primary Tumor Category Profile","generation":"generated"},{"extension":[{"url":"http://hl7.org/fhir/tools/StructureDefinition/ig-page-name","valueUrl":"StructureDefinition-tnm-regional-nodes-category.html"}],"nameUrl":"StructureDefinition-tnm-regional-nodes-category.html","title":"TNM Regional Nodes Category Profile","generation":"generated"},{"extension":[{"url":"http://hl7.org/fhir/tools/StructureDefinition/ig-page-name","valueUrl":"StructureDefinition-tnm-stage-group.html"}],"nameUrl":"StructureDefinition-tnm-stage-group.html","title":"TNM Stage Group Profile","generation":"generated"},{"extension":[{"url":"http://hl7.org/fhir/tools/StructureDefinition/ig-page-name","valueUrl":"StructureDefinition-tumor.html"}],"nameUrl":"StructureDefinition-tumor.html","title":"Tumor","generation":"generated"},{"extension":[{"url":"http://hl7.org/fhir/tools/StructureDefinition/ig-page-name","valueUrl":"StructureDefinition-TumorPatient.html"}],"nameUrl":"StructureDefinition-TumorPatient.html","title":"Tumor-Patient","generation":"generated"},{"extension":[{"url":"http://hl7.org/fhir/tools/StructureDefinition/ig-page-name","valueUrl":"StructureDefinition-Diagnose.html"}],"nameUrl":"StructureDefinition-Diagnose.html","title":"Tumordiagnose","generation":"generated"},{"extension":[{"url":"http://hl7.org/fhir/tools/StructureDefinition/ig-page-name","valueUrl":"StructureDefinition-tumorErkrankung.html"}],"nameUrl":"StructureDefinition-tumorErkrankung.html","title":"Tumorerkrankung","generation":"generated"},{"extension":[{"url":"http://hl7.org/fhir/tools/StructureDefinition/ig-page-name","valueUrl":"ValueSet-cancer-stage-group-vs.html"}],"nameUrl":"ValueSet-cancer-stage-group-vs.html","title":"Cancer Stage Group Value Set","generation":"generated"},{"extension":[{"url":"http://hl7.org/fhir/tools/StructureDefinition/ig-page-name","valueUrl":"ValueSet-cancer-staging-method-vs.html"}],"nameUrl":"ValueSet-cancer-staging-method-vs.html","title":"Cancer Staging Method Value Set","generation":"generated"},{"extension":[{"url":"http://hl7.org/fhir/tools/StructureDefinition/ig-page-name","valueUrl":"ValueSet-cancer-staging-type-vs.html"}],"nameUrl":"ValueSet-cancer-staging-type-vs.html","title":"Cancer Staging Type Value Set","generation":"generated"},{"extension":[{"url":"http://hl7.org/fhir/tools/StructureDefinition/ig-page-name","valueUrl":"ValueSet-ecog-performance-status.html"}],"nameUrl":"ValueSet-ecog-performance-status.html","title":"ECOG","generation":"generated"},{"extension":[{"url":"http://hl7.org/fhir/tools/StructureDefinition/ig-page-name","valueUrl":"ValueSet-icd-o-3-morphologie.html"}],"nameUrl":"ValueSet-icd-o-3-morphologie.html","title":"Morphologie Codes des ICD-O-3 CodeSystems.","generation":"generated"},{"extension":[{"url":"http://hl7.org/fhir/tools/StructureDefinition/ig-page-name","valueUrl":"ValueSet-obds-op-komplikation-vs.html"}],"nameUrl":"ValueSet-obds-op-komplikation-vs.html","title":"oBDS Operation Komplikation Value Set","generation":"generated"},{"extension":[{"url":"http://hl7.org/fhir/tools/StructureDefinition/ig-page-name","valueUrl":"ValueSet-tnm-distant-metastases-category-vs.html"}],"nameUrl":"ValueSet-tnm-distant-metastases-category-vs.html","title":"TNM Distant Metastases Category Value Set","generation":"generated"},{"extension":[{"url":"http://hl7.org/fhir/tools/StructureDefinition/ig-page-name","valueUrl":"ValueSet-tnm-distant-metastases-category-max-vs.html"}],"nameUrl":"ValueSet-tnm-distant-metastases-category-max-vs.html","title":"TNM Distant Metastases Maximum Value Set","generation":"generated"},{"extension":[{"url":"http://hl7.org/fhir/tools/StructureDefinition/ig-page-name","valueUrl":"ValueSet-tnm-distant-metastases-staging-type-vs.html"}],"nameUrl":"ValueSet-tnm-distant-metastases-staging-type-vs.html","title":"TNM Distant Metastases Staging Type Value Set","generation":"generated"},{"extension":[{"url":"http://hl7.org/fhir/tools/StructureDefinition/ig-page-name","valueUrl":"ValueSet-tnm-primary-tumor-category-vs.html"}],"nameUrl":"ValueSet-tnm-primary-tumor-category-vs.html","title":"TNM Primary Tumor Category Value Set","generation":"generated"},{"extension":[{"url":"http://hl7.org/fhir/tools/StructureDefinition/ig-page-name","valueUrl":"ValueSet-tnm-primary-tumor-category-max-vs.html"}],"nameUrl":"ValueSet-tnm-primary-tumor-category-max-vs.html","title":"TNM Primary Tumor Maximum Value Set","generation":"generated"},{"extension":[{"url":"http://hl7.org/fhir/tools/StructureDefinition/ig-page-name","valueUrl":"ValueSet-tnm-primary-tumor-staging-type-vs.html"}],"nameUrl":"ValueSet-tnm-primary-tumor-staging-type-vs.html","title":"TNM Primary Tumor Staging Type Value Set","generation":"generated"},{"extension":[{"url":"http://hl7.org/fhir/tools/StructureDefinition/ig-page-name","valueUrl":"ValueSet-tnm-regional-nodes-category-vs.html"}],"nameUrl":"ValueSet-tnm-regional-nodes-category-vs.html","title":"TNM Regional Nodes Category Value Set","generation":"generated"},{"extension":[{"url":"http://hl7.org/fhir/tools/StructureDefinition/ig-page-name","valueUrl":"ValueSet-tnm-regional-nodes-category-max-vs.html"}],"nameUrl":"ValueSet-tnm-regional-nodes-category-max-vs.html","title":"TNM Regional Nodes Maximum Value Set","generation":"generated"},{"extension":[{"url":"http://hl7.org/fhir/tools/StructureDefinition/ig-page-name","valueUrl":"ValueSet-tnm-regional-nodes-staging-type-vs.html"}],"nameUrl":"ValueSet-tnm-regional-nodes-staging-type-vs.html","title":"TNM Regional Nodes Staging Type Value Set","generation":"generated"},{"extension":[{"url":"http://hl7.org/fhir/tools/StructureDefinition/ig-page-name","valueUrl":"ValueSet-tnm-stage-group-max-vs.html"}],"nameUrl":"ValueSet-tnm-stage-group-max-vs.html","title":"TNM Stage Group Maximum Value Set","generation":"generated"},{"extension":[{"url":"http://hl7.org/fhir/tools/StructureDefinition/ig-page-name","valueUrl":"ValueSet-tnm-stage-group-staging-type-vs.html"}],"nameUrl":"ValueSet-tnm-stage-group-staging-type-vs.html","title":"TNM Stage Group Staging Type Value Set","generation":"generated"},{"extension":[{"url":"http://hl7.org/fhir/tools/StructureDefinition/ig-page-name","valueUrl":"ValueSet-tnm-stage-group-vs.html"}],"nameUrl":"ValueSet-tnm-stage-group-vs.html","title":"TNM Stage Group Value Set","generation":"generated"},{"extension":[{"url":"http://hl7.org/fhir/tools/StructureDefinition/ig-page-name","valueUrl":"ValueSet-tnm-staging-method-vs.html"}],"nameUrl":"ValueSet-tnm-staging-method-vs.html","title":"TNM Staging Method Value Set","generation":"generated"},{"extension":[{"url":"http://hl7.org/fhir/tools/StructureDefinition/ig-page-name","valueUrl":"CodeSystem-HistoGrade.html"}],"nameUrl":"CodeSystem-HistoGrade.html","title":"Histopathologische Grading Codes","generation":"generated"},{"extension":[{"url":"http://hl7.org/fhir/tools/StructureDefinition/ig-page-name","valueUrl":"CodeSystem-obds-op-komplikation-cs.html"}],"nameUrl":"CodeSystem-obds-op-komplikation-cs.html","title":"oBDS Operation Komplikation Codesystem","generation":"generated"},{"extension":[{"url":"http://hl7.org/fhir/tools/StructureDefinition/ig-page-name","valueUrl":"Observation-ECOGExample.html"}],"nameUrl":"Observation-ECOGExample.html","title":"ECOGExample","generation":"generated"},{"extension":[{"url":"http://hl7.org/fhir/tools/StructureDefinition/ig-page-name","valueUrl":"Observation-Histologie-Example.html"}],"nameUrl":"Observation-Histologie-Example.html","title":"HistologieExample","generation":"generated"},{"extension":[{"url":"http://hl7.org/fhir/tools/StructureDefinition/ig-page-name","valueUrl":"Practitioner-Melder-example-1.html"}],"nameUrl":"Practitioner-Melder-example-1.html","title":"Melder-example-1","generation":"generated"},{"extension":[{"url":"http://hl7.org/fhir/tools/StructureDefinition/ig-page-name","valueUrl":"PractitionerRole-MelderInOrganisation-example-1.html"}],"nameUrl":"PractitionerRole-MelderInOrganisation-example-1.html","title":"MelderInOrganisation-example-1","generation":"generated"},{"extension":[{"url":"http://hl7.org/fhir/tools/StructureDefinition/ig-page-name","valueUrl":"Procedure-OperationEinzelprozedurExample.html"}],"nameUrl":"Procedure-OperationEinzelprozedurExample.html","title":"OperationEinzelprozedurExample","generation":"generated"},{"extension":[{"url":"http://hl7.org/fhir/tools/StructureDefinition/ig-page-name","valueUrl":"Procedure-OperationExample.html"}],"nameUrl":"Procedure-OperationExample.html","title":"OperationExample","generation":"generated"},{"extension":[{"url":"http://hl7.org/fhir/tools/StructureDefinition/ig-page-name","valueUrl":"Organization-Organisation-example-1.html"}],"nameUrl":"Organization-Organisation-example-1.html","title":"Organisation-example-1","generation":"generated"},{"extension":[{"url":"http://hl7.org/fhir/tools/StructureDefinition/ig-page-name","valueUrl":"Specimen-Tumor-Example.html"}],"nameUrl":"Specimen-Tumor-Example.html","title":"Tumor-Example","generation":"generated"},{"extension":[{"url":"http://hl7.org/fhir/tools/StructureDefinition/ig-page-name","valueUrl":"EpisodeOfCare-TumorErkrankungExample.html"}],"nameUrl":"EpisodeOfCare-TumorErkrankungExample.html","title":"TumorErkrankungExample","generation":"generated"},{"extension":[{"url":"http://hl7.org/fhir/tools/StructureDefinition/ig-page-name","valueUrl":"Patient-TumorPatient-example-1.html"}],"nameUrl":"Patient-TumorPatient-example-1.html","title":"TumorPatient-example-1","generation":"generated"}]}]},"parameter":[{"code":"path-resource","value":"input/capabilities"},{"code":"path-resource","value":"input/examples"},{"code":"path-resource","value":"input/extensions"},{"code":"path-resource","value":"input/models"},{"code":"path-resource","value":"input/operations"},{"code":"path-resource","value":"input/profiles"},{"code":"path-resource","value":"input/resources"},{"code":"path-resource","value":"input/vocabulary"},{"code":"path-resource","value":"input/maps"},{"code":"path-resource","value":"input/testing"},{"code":"path-resource","value":"input/history"},{"code":"path-resource","value":"fsh-generated/resources"},{"code":"path-pages","value":"template/config"},{"code":"path-pages","value":"input/images"},{"code":"path-tx-cache","value":"input-cache/txcache"}]}}