{"resourceType":"ValueSet","id":"icd-o-3-morphologie","text":{"status":"generated","div":"<div xmlns=\"http://www.w3.org/1999/xhtml\"><ul><li>Include codes from <a href=\"http://terminology.hl7.org/5.0.0/CodeSystem-icd-o-3.html\"><code>http://terminology.hl7.org/CodeSystem/icd-o-3</code></a> where concept  matches (by regex)  ^\\d\\S*$</li></ul></div>"},"url":"http://krebsregister-rlp.de/fhir/tumorboard/ValueSet/icd-o-3-morphologie","version":"0.1.0","name":"ICDO3Morphologie","title":"Morphologie Codes des ICD-O-3 CodeSystems.","status":"draft","date":"2024-02-29T07:43:11+00:00","publisher":"IDG Institut für digitale Gesundheitsdaten RLP gGmbH","contact":[{"name":"IDG Institut für digitale Gesundheitsdaten RLP gGmbH","telecom":[{"system":"url","value":"https://www.krebsregister-rlp.de/"},{"system":"email","value":"info@krebsregister-rlp.de"}]}],"compose":{"include":[{"system":"http://terminology.hl7.org/CodeSystem/icd-o-3","filter":[{"property":"concept","op":"regex","value":"^\\d\\S*$"}]}]}}