{"resourceType":"ValueSet","id":"tnm-stage-group-staging-type-vs","text":{"status":"generated","div":"<div xmlns=\"http://www.w3.org/1999/xhtml\"><ul><li>Include these codes as defined in <a href=\"http://loinc.org\"><code>http://loinc.org</code></a><table class=\"none\"><tr><td style=\"white-space:nowrap\"><b>Code</b></td><td><b>Display</b></td></tr><tr><td><a href=\"https://loinc.org/21908-9/\">21908-9</a></td><td>Stage group.clinical Cancer</td></tr><tr><td><a href=\"https://loinc.org/21902-2/\">21902-2</a></td><td>Stage group.pathology Cancer</td></tr><tr><td><a href=\"https://loinc.org/21914-7/\">21914-7</a></td><td>Stage group.other Cancer</td></tr></table></li></ul></div>"},"url":"http://krebsregister-rlp.de/fhir/tumorboard/ValueSet/tnm-stage-group-staging-type-vs","version":"0.1.0","name":"TNMStageGroupStagingTypeVS","title":"TNM Stage Group Staging Type Value Set","status":"draft","experimental":false,"date":"2024-02-29T07:33:51+00:00","publisher":"IDG Institut für digitale Gesundheitsdaten RLP gGmbH","contact":[{"name":"IDG Institut für digitale Gesundheitsdaten RLP gGmbH","telecom":[{"system":"url","value":"https://www.krebsregister-rlp.de/"},{"system":"email","value":"info@krebsregister-rlp.de"}]}],"description":"Identifying codes for the type of cancer staging performed, i.e., clinical, pathological, or other, for the stage group observation.","copyright":"This material contains content from LOINC (http://loinc.org). LOINC is copyright © 1995-2020, Regenstrief Institute, Inc. and the Logical Observation Identifiers Names and Codes (LOINC) Committee and is available at no cost under the license at http://loinc.org/license. LOINC® is a registered United States trademark of Regenstrief Institute, Inc","compose":{"include":[{"system":"http://loinc.org","concept":[{"code":"21908-9","display":"Stage group.clinical Cancer"},{"code":"21902-2","display":"Stage group.pathology Cancer"},{"code":"21914-7","display":"Stage group.other Cancer"}]}]}}