<?xml version="1.0" encoding="UTF-8"?>

<Practitioner xmlns="http://hl7.org/fhir">
  <id value="Melder-example-1"/>
  <meta>
    <profile value="http://krebsregister-rlp.de/fhir/tumorboard/StructureDefinition/Melder"/>
  </meta>
  <text>
    <status value="generated"/><div xmlns="http://www.w3.org/1999/xhtml"><p><b>Generated Narrative: Practitioner</b><a name="Melder-example-1"> </a></p><div style="display: inline-block; background-color: #d9e0e7; padding: 6px; margin: 4px; border: 1px solid #8da1b4; border-radius: 5px; line-height: 60%"><p style="margin-bottom: 0px">Resource Practitioner &quot;Melder-example-1&quot; </p><p style="margin-bottom: 0px">Profile: <a href="StructureDefinition-Melder.html">Melder</a></p></div><p><b>name</b>: Dr. Herbert Hundertschön</p><p><b>telecom</b>: ph: 012233-555-667, <a href="mailto:hh@klinikum-musterhausen.de">hh@klinikum-musterhausen.de</a></p></div>
  </text>
  <name>
    <text value="Dr. Herbert Hundertschön"/>
  </name>
  <telecom>
    <system value="phone"/>
    <value value="012233-555-667"/>
  </telecom>
  <telecom>
    <system value="email"/>
    <value value="hh@klinikum-musterhausen.de"/>
  </telecom>
</Practitioner>