{
  "resourceType" : "Procedure",
  "id" : "OperationExample",
  "meta" : {
    "profile" : ["http://krebsregister-rlp.de/fhir/tumorboard/StructureDefinition/operation"]
  },
  "text" : {
    "status" : "generated",
    "div" : "<div xmlns=\"http://www.w3.org/1999/xhtml\"><p><b>Generated Narrative: Procedure</b><a name=\"OperationExample\"> </a></p><div style=\"display: inline-block; background-color: #d9e0e7; padding: 6px; margin: 4px; border: 1px solid #8da1b4; border-radius: 5px; line-height: 60%\"><p style=\"margin-bottom: 0px\">Resource Procedure &quot;OperationExample&quot; </p><p style=\"margin-bottom: 0px\">Profile: <a href=\"StructureDefinition-operation.html\">Operation</a></p></div><p><b>status</b>: completed</p><p><b>subject</b>: <a href=\"Patient-TumorPatient-example-1.html\">Patient/TumorPatient-example-1</a> &quot; MUSTERMANN&quot;</p><p><b>performed</b>: 2023-06-07</p></div>"
  },
  "status" : "completed",
  "subject" : {
    "reference" : "Patient/TumorPatient-example-1"
  },
  "performedDateTime" : "2023-06-07"
}