{
  "resourceType" : "Procedure",
  "id" : "OperationEinzelprozedurExample",
  "meta" : {
    "profile" : ["http://krebsregister-rlp.de/fhir/tumorboard/StructureDefinition/operation-einzelprozedur"]
  },
  "text" : {
    "status" : "generated",
    "div" : "<div xmlns=\"http://www.w3.org/1999/xhtml\"><p><b>Generated Narrative: Procedure</b><a name=\"OperationEinzelprozedurExample\"> </a></p><div style=\"display: inline-block; background-color: #d9e0e7; padding: 6px; margin: 4px; border: 1px solid #8da1b4; border-radius: 5px; line-height: 60%\"><p style=\"margin-bottom: 0px\">Resource Procedure &quot;OperationEinzelprozedurExample&quot; </p><p style=\"margin-bottom: 0px\">Profile: <a href=\"StructureDefinition-operation-einzelprozedur.html\">Operation Einzelprozedur</a></p></div><p><b>partOf</b>: <a href=\"Procedure-OperationExample.html\">Procedure/OperationExample</a></p><p><b>status</b>: completed</p><p><b>code</b>: 5-123.4 <span style=\"background: LightGoldenRodYellow; margin: 4px; border: 1px solid khaki\"> (OPS[2023]#5-123.4)</span></p><p><b>subject</b>: <a href=\"Patient-TumorPatient-example-1.html\">Patient/TumorPatient-example-1</a> &quot; MUSTERMANN&quot;</p><p><b>performed</b>: 2023-04-01</p></div>"
  },
  "partOf" : [{
    "reference" : "Procedure/OperationExample"
  }],
  "status" : "completed",
  "code" : {
    "coding" : [{
      "system" : "http://fhir.de/CodeSystem/bfarm/ops",
      "version" : "2023",
      "code" : "5-123.4"
    }]
  },
  "subject" : {
    "reference" : "Patient/TumorPatient-example-1"
  },
  "performedDateTime" : "2023-04-01"
}