{
  "resourceType" : "ValueSet",
  "id" : "tnm-staging-method-vs",
  "text" : {
    "status" : "generated",
    "div" : "<div xmlns=\"http://www.w3.org/1999/xhtml\"><ul><li>Include these codes as defined in <a href=\"http://www.snomed.org/\"><code>http://snomed.info/sct</code></a><table class=\"none\"><tr><td style=\"white-space:nowrap\"><b>Code</b></td><td><b>Display</b></td></tr><tr><td><a href=\"http://snomed.info/id/444256004\">444256004</a></td><td>American Joint Commission on Cancer, Cancer Staging Manual, 6th edition neoplasm staging system (tumor staging)</td></tr><tr><td><a href=\"http://snomed.info/id/443830009\">443830009</a></td><td>American Joint Commission on Cancer, Cancer Staging Manual, 7th edition neoplasm staging system (tumor staging)</td></tr><tr><td><a href=\"http://snomed.info/id/897275008\">897275008</a></td><td>American Joint Commission on Cancer, Cancer Staging Manual, 8th edition neoplasm staging system (tumor staging)</td></tr></table></li></ul></div>"
  },
  "url" : "http://krebsregister-rlp.de/fhir/tumorboard/ValueSet/tnm-staging-method-vs",
  "version" : "0.1.0",
  "name" : "TNMStagingMethodVS",
  "title" : "TNM Staging Method Value Set",
  "status" : "draft",
  "experimental" : false,
  "date" : "2024-02-29T07:43:11+00:00",
  "publisher" : "IDG Institut für digitale Gesundheitsdaten RLP gGmbH",
  "contact" : [{
    "name" : "IDG Institut für digitale Gesundheitsdaten RLP gGmbH",
    "telecom" : [{
      "system" : "url",
      "value" : "https://www.krebsregister-rlp.de/"
    },
    {
      "system" : "email",
      "value" : "info@krebsregister-rlp.de"
    }]
  }],
  "description" : "Method used for TNM staging, e.g., UICC 6th, 7th, or 8th edition.",
  "copyright" : "This value set includes content from SNOMED CT, which is copyright © 2002+ International Health Terminology Standards Development Organisation (IHTSDO), and distributed by agreement between IHTSDO and HL7. Implementer use of SNOMED CT is not covered by this agreement",
  "compose" : {
    "include" : [{
      "system" : "http://snomed.info/sct",
      "concept" : [{
        "code" : "444256004",
        "display" : "American Joint Commission on Cancer, Cancer Staging Manual, 6th edition neoplasm staging system (tumor staging)"
      },
      {
        "code" : "443830009",
        "display" : "American Joint Commission on Cancer, Cancer Staging Manual, 7th edition neoplasm staging system (tumor staging)"
      },
      {
        "code" : "897275008",
        "display" : "American Joint Commission on Cancer, Cancer Staging Manual, 8th edition neoplasm staging system (tumor staging)"
      }]
    }]
  }
}